change_dir;change_followerGap;change_followerSecureGap;change_from;change_id;change_leaderGap;change_leaderSecureGap;change_origLeaderGap;change_origLeaderSecureGap;change_pos;change_reason;change_speed;change_time;change_to;change_type
-1;None;None;gneE0_2;0;None;None;None;None;45.38;keepRight;11.18;6.00;gneE0_1;DEFAULT_VEHTYPE
-1;23.54;7.25;gneE0_3;2;None;None;None;None;90.01;keepRight;16.84;11.00;gneE0_2;DEFAULT_VEHTYPE
-1;119.35;0.00;gneE0_1;0;None;None;None;None;173.73;keepRight;23.65;13.00;gneE0_0;DEFAULT_VEHTYPE
-1;83.32;20.29;gneE0_4;1;None;None;None;None;285.93;keepRight;27.57;19.00;gneE0_3;DEFAULT_VEHTYPE
-1;164.17;21.90;gneE0_2;2;None;None;None;None;346.03;keepRight;24.13;22.00;gneE0_1;DEFAULT_VEHTYPE
-1;None;None;gneE0_3;17;223.06;0.00;54.98;7.33;65.29;keepRight;15.28;26.00;gneE0_2;DEFAULT_VEHTYPE
-1;151.05;8.47;gneE0_3;10;88.94;13.83;200.19;0.00;277.38;keepRight;23.64;29.00;gneE0_2;DEFAULT_VEHTYPE
-1;88.53;5.58;gneE0_1;8;90.32;17.81;141.12;38.34;485.57;keepRight;26.11;34.00;gneE0_0;DEFAULT_VEHTYPE
-1;35.76;31.52;gneE0_3;1;None;None;None;None;730.59;keepRight;28.07;35.00;gneE0_2;DEFAULT_VEHTYPE
-1;200.47;6.30;gneE0_4;7;103.63;23.82;93.80;23.87;545.16;keepRight;28.06;35.00;gneE0_3;DEFAULT_VEHTYPE
-1;88.30;0.00;gneE0_3;21;96.38;11.10;159.36;25.47;175.33;keepRight;24.76;35.00;gneE0_2;DEFAULT_VEHTYPE
-1;144.14;10.16;gneE0_2;9;120.53;42.33;159.71;15.44;553.51;keepRight;26.45;36.00;gneE0_1;DEFAULT_VEHTYPE
-1;123.05;9.50;gneE0_4;20;112.60;13.27;95.52;7.01;247.19;keepRight;23.12;36.00;gneE0_3;DEFAULT_VEHTYPE
-1;29.14;23.18;gneE0_2;10;114.11;12.53;283.28;1.24;486.08;keepRight;23.65;38.00;gneE0_1;DEFAULT_VEHTYPE
-1;17.33;10.12;gneE0_3;24;88.80;5.70;128.83;15.81;184.67;keepRight;22.31;39.00;gneE0_2;DEFAULT_VEHTYPE
-1;27.82;20.72;gneE0_4;12;183.56;14.37;281.86;14.38;498.38;keepRight;25.89;40.00;gneE0_3;DEFAULT_VEHTYPE
-1;83.53;34.30;gneE0_4;23;100.98;10.23;209.57;0.75;235.76;keepRight;20.78;40.00;gneE0_3;DEFAULT_VEHTYPE
-1;28.59;21.49;gneE0_3;20;86.47;8.79;127.48;15.33;481.54;keepRight;23.61;46.00;gneE0_2;DEFAULT_VEHTYPE
-1;23.35;19.69;gneE0_3;23;81.67;15.96;249.05;9.43;384.32;keepRight;21.74;47.00;gneE0_2;DEFAULT_VEHTYPE
-1;98.16;0.00;gneE0_1;36;148.41;4.04;59.04;0.50;137.70;keepRight;22.19;49.00;gneE0_0;DEFAULT_VEHTYPE
-1;136.04;1.72;gneE0_2;1;None;None;None;None;1178.28;keepRight;28.42;51.00;gneE0_1;DEFAULT_VEHTYPE
-1;294.51;5.47;gneE0_3;7;135.69;19.22;102.10;28.31;1027.26;keepRight;28.74;52.00;gneE0_2;DEFAULT_VEHTYPE
-1;66.96;26.08;gneE0_3;12;222.54;4.36;329.65;3.93;799.72;keepRight;24.97;52.00;gneE0_2;DEFAULT_VEHTYPE
-1;49.64;18.59;gneE0_2;23;202.97;2.44;95.05;11.50;532.12;keepRight;20.67;54.00;gneE0_1;DEFAULT_VEHTYPE
-1;133.58;14.98;gneE0_2;20;71.92;8.76;114.22;4.27;713.79;keepRight;22.85;56.00;gneE0_1;DEFAULT_VEHTYPE
-1;17.11;0.16;gneE0_2;52;207.19;0.00;43.57;0.00;46.72;keepRight;12.38;59.00;gneE0_1;DEFAULT_VEHTYPE
-1;103.54;28.62;gneE0_3;5;59.56;0.00;None;None;1363.17;keepRight;27.70;60.00;gneE0_2;DEFAULT_VEHTYPE
-1;48.60;0.00;gneE0_2;47;167.29;0.00;135.88;0.00;114.92;keepRight;19.63;60.00;gneE0_1;DEFAULT_VEHTYPE
-1;68.24;32.55;gneE0_1;23;74.70;17.40;144.81;11.31;682.13;keepRight;21.72;61.00;gneE0_0;DEFAULT_VEHTYPE
-1;121.46;36.49;gneE0_2;38;92.27;19.34;151.31;33.18;469.97;keepRight;27.17;62.00;gneE0_1;DEFAULT_VEHTYPE
-1;47.48;28.50;gneE0_4;40;103.03;9.76;146.85;16.40;438.32;keepRight;25.58;63.00;gneE0_3;DEFAULT_VEHTYPE
-1;40.88;35.58;gneE0_3;39;260.03;33.47;47.48;28.50;385.84;keepRight;26.07;63.00;gneE0_2;DEFAULT_VEHTYPE
-1;21.71;14.79;gneE0_1;10;165.31;10.87;191.06;10.93;1090.80;keepRight;23.36;64.00;gneE0_0;DEFAULT_VEHTYPE
-1;29.00;22.89;gneE0_2;24;147.59;32.67;129.00;25.27;750.75;keepRight;25.47;64.00;gneE0_1;DEFAULT_VEHTYPE
-1;107.40;37.10;gneE0_4;42;85.88;11.75;237.95;10.65;373.38;keepRight;23.58;64.00;gneE0_3;DEFAULT_VEHTYPE
-1;187.40;0.00;gneE0_1;1;None;None;None;None;1626.14;keepRight;28.32;67.00;gneE0_0;DEFAULT_VEHTYPE
-1;392.26;14.04;gneE0_4;3;None;None;None;None;1613.97;keepRight;28.20;69.00;gneE0_3;DEFAULT_VEHTYPE
-1;50.37;16.28;gneE0_2;12;178.42;26.09;270.31;9.93;1233.23;keepRight;25.70;69.00;gneE0_1;DEFAULT_VEHTYPE
-1;29.43;24.65;gneE0_3;13;288.71;15.72;393.93;16.97;1243.14;keepRight;26.43;70.00;gneE0_2;DEFAULT_VEHTYPE
-1;30.72;28.14;gneE0_1;47;116.07;17.25;186.72;24.11;351.25;keepRight;23.58;70.00;gneE0_0;DEFAULT_VEHTYPE
-1;266.84;0.00;gneE0_2;4;None;None;None;None;1786.64;keepRight;33.10;71.00;gneE0_1;DEFAULT_VEHTYPE
-1;22.19;15.80;gneE0_3;42;59.95;12.20;116.25;8.96;602.80;keepRight;23.31;74.00;gneE0_2;DEFAULT_VEHTYPE
-1;146.95;46.99;gneE0_3;50;153.18;32.95;101.26;14.43;439.72;keepRight;24.10;75.00;gneE0_2;DEFAULT_VEHTYPE
-1;67.27;1.68;gneE0_2;7;237.52;0.00;104.93;30.00;1707.74;keepRight;28.15;76.00;gneE0_1;DEFAULT_VEHTYPE
-1;49.91;29.99;gneE0_3;40;233.63;4.88;121.47;14.61;775.01;keepRight;25.54;76.00;gneE0_2;DEFAULT_VEHTYPE
-1;24.99;20.44;gneE0_2;39;117.11;26.75;49.91;29.99;720.10;keepRight;26.28;76.00;gneE0_1;DEFAULT_VEHTYPE
-1;23.12;17.36;gneE0_3;61;99.26;0.00;86.06;0.00;238.79;keepRight;22.47;77.00;gneE0_2;DEFAULT_VEHTYPE
-1;14.94;9.18;gneE0_2;21;69.79;38.27;166.86;23.65;1274.47;keepRight;26.36;79.00;gneE0_1;DEFAULT_VEHTYPE
-1;105.07;26.24;gneE0_2;5;None;None;None;None;1930.98;keepRight;28.63;80.00;gneE0_1;DEFAULT_VEHTYPE
-1;48.96;15.29;gneE0_1;12;142.73;29.04;176.86;22.01;1561.58;keepRight;24.66;82.00;gneE0_0;DEFAULT_VEHTYPE
-1;171.01;47.09;gneE0_4;16;448.11;10.64;None;None;1533.52;keepRight;26.08;82.00;gneE0_3;DEFAULT_VEHTYPE
-1;185.09;33.25;gneE0_2;42;50.72;5.26;143.82;2.60;809.34;keepRight;22.43;83.00;gneE0_1;DEFAULT_VEHTYPE
-1;56.99;16.65;gneE0_4;46;267.13;34.75;296.81;32.54;866.39;keepRight;27.11;85.00;gneE0_3;DEFAULT_VEHTYPE
-1;21.95;18.48;gneE0_2;69;169.97;22.85;96.98;18.05;266.10;keepRight;22.53;86.00;gneE0_1;DEFAULT_VEHTYPE
-1;109.62;39.59;gneE0_1;59;70.75;0.00;213.26;8.26;463.47;keepRight;22.41;87.00;gneE0_0;DEFAULT_VEHTYPE
-1;133.75;35.77;gneE0_2;62;247.76;4.31;30.30;17.61;428.97;keepRight;21.62;87.00;gneE0_1;DEFAULT_VEHTYPE
-1;142.98;26.91;gneE0_3;66;68.19;21.23;288.40;0.00;318.70;keepRight;23.38;87.00;gneE0_2;DEFAULT_VEHTYPE
-1;30.59;21.04;gneE0_2;61;215.12;9.31;158.74;0.00;486.88;keepRight;22.61;88.00;gneE0_1;DEFAULT_VEHTYPE
-1;55.06;22.98;gneE0_2;40;67.52;25.02;268.94;9.02;1140.62;keepRight;25.99;90.00;gneE0_1;DEFAULT_VEHTYPE
-1;239.07;10.82;gneE0_4;63;169.77;17.86;269.16;15.28;522.16;keepRight;26.32;90.00;gneE0_3;DEFAULT_VEHTYPE
-1;118.86;20.65;gneE0_3;48;25.10;19.03;61.41;20.67;960.28;keepRight;25.67;91.00;gneE0_2;DEFAULT_VEHTYPE
-1;21.09;15.99;gneE0_1;42;59.49;11.08;74.76;11.27;1016.83;keepRight;23.39;92.00;gneE0_0;DEFAULT_VEHTYPE
-1;354.32;32.74;gneE0_3;31;93.53;9.09;276.02;6.43;1430.78;keepRight;26.19;94.00;gneE0_2;DEFAULT_VEHTYPE
-1;32.65;25.18;gneE0_4;72;46.53;18.15;102.26;3.67;323.01;keepRight;23.23;94.00;gneE0_3;DEFAULT_VEHTYPE
-1;58.29;32.52;gneE0_4;33;271.96;0.64;None;None;1464.71;keepRight;25.47;95.00;gneE0_3;DEFAULT_VEHTYPE
-1;36.73;19.40;gneE0_3;73;96.11;28.29;258.78;11.17;470.02;keepRight;24.15;98.00;gneE0_2;DEFAULT_VEHTYPE
-1;33.30;29.33;gneE0_1;62;74.27;5.60;36.94;22.73;691.65;keepRight;22.33;99.00;gneE0_0;DEFAULT_VEHTYPE
-1;27.20;22.42;gneE0_3;16;None;None;None;None;1996.85;keepRight;25.72;100.00;gneE0_2;DEFAULT_VEHTYPE
-1;38.35;15.41;gneE0_1;61;35.55;6.67;244.04;14.54;756.34;keepRight;22.76;100.00;gneE0_0;DEFAULT_VEHTYPE
-1;127.46;7.61;gneE0_4;70;190.30;23.29;480.83;19.81;591.75;keepRight;26.40;100.00;gneE0_3;DEFAULT_VEHTYPE
-1;29.44;26.71;gneE0_3;46;313.98;31.72;272.67;18.05;1295.41;keepRight;26.53;101.00;gneE0_2;DEFAULT_VEHTYPE
-1;30.01;26.95;gneE0_4;56;462.79;25.84;196.80;9.97;1105.30;keepRight;27.71;101.00;gneE0_3;DEFAULT_VEHTYPE
-1;25.27;21.27;gneE0_2;66;387.78;13.23;135.60;1.67;662.26;keepRight;22.95;102.00;gneE0_1;DEFAULT_VEHTYPE
-1;17.11;0.00;gneE0_1;94;202.83;0.00;44.79;0.00;46.44;keepRight;11.87;102.00;gneE0_0;DEFAULT_VEHTYPE
-1;148.14;17.48;gneE0_2;48;105.04;20.11;41.38;19.43;1294.77;keepRight;25.42;104.00;gneE0_1;DEFAULT_VEHTYPE
-1;31.42;26.91;gneE0_3;63;196.20;20.02;196.51;18.09;892.94;keepRight;26.51;104.00;gneE0_2;DEFAULT_VEHTYPE
-1;114.87;0.00;gneE0_2;87;119.97;17.22;159.51;29.01;254.42;keepRight;24.72;104.00;gneE0_1;DEFAULT_VEHTYPE
-1;67.20;4.84;gneE0_1;93;198.27;20.19;117.70;33.87;230.41;keepRight;26.57;108.00;gneE0_0;DEFAULT_VEHTYPE
-1;77.15;14.74;gneE0_3;95;70.64;0.00;107.81;0.00;192.02;keepRight;20.91;110.00;gneE0_2;DEFAULT_VEHTYPE
-1;24.32;0.00;gneE0_2;101;373.28;0.00;78.43;0.00;48.22;keepRight;11.81;111.00;gneE0_1;DEFAULT_VEHTYPE
-1;24.47;0.00;gneE0_3;53;167.47;44.72;33.99;37.82;1432.96;keepRight;29.09;114.00;gneE0_2;DEFAULT_VEHTYPE
-1;107.60;35.25;gneE0_1;87;86.18;20.98;123.28;17.51;524.32;keepRight;23.94;115.00;gneE0_0;DEFAULT_VEHTYPE
-1;120.07;6.36;gneE0_3;70;145.95;28.89;404.29;17.47;1024.11;keepRight;26.56;116.00;gneE0_2;DEFAULT_VEHTYPE
-1;11.76;4.95;gneE0_1;44;64.63;48.58;31.40;31.04;1738.25;keepRight;26.26;117.00;gneE0_0;DEFAULT_VEHTYPE
-1;168.73;42.76;gneE0_2;95;359.06;8.06;114.78;0.00;335.30;keepRight;20.04;117.00;gneE0_1;DEFAULT_VEHTYPE
-1;27.34;14.44;gneE0_2;82;116.58;29.99;44.22;30.46;754.29;keepRight;24.21;118.00;gneE0_1;DEFAULT_VEHTYPE
-1;73.53;20.91;gneE0_4;90;39.70;22.58;76.12;28.65;594.72;keepRight;27.21;118.00;gneE0_3;DEFAULT_VEHTYPE
-1;29.95;24.68;gneE0_3;92;59.93;37.79;74.10;23.61;542.88;keepRight;26.68;119.00;gneE0_2;DEFAULT_VEHTYPE
-1;58.69;22.16;gneE0_3;72;27.46;17.75;629.43;0.00;912.41;keepRight;22.59;120.00;gneE0_2;DEFAULT_VEHTYPE
-1;98.75;11.22;gneE0_4;99;236.91;21.63;81.82;5.62;461.23;keepRight;25.72;122.00;gneE0_3;DEFAULT_VEHTYPE
-1;132.27;37.08;gneE0_3;100;50.01;9.00;98.75;11.22;357.48;keepRight;23.30;122.00;gneE0_2;DEFAULT_VEHTYPE
-1;245.81;13.76;gneE0_4;49;None;None;None;None;1976.98;keepRight;30.11;123.00;gneE0_3;DEFAULT_VEHTYPE
-1;25.77;20.34;gneE0_4;78;27.84;13.21;None;None;971.33;keepRight;23.22;125.00;gneE0_3;DEFAULT_VEHTYPE
-1;114.78;41.33;gneE0_3;83;90.56;8.92;59.67;19.94;875.88;keepRight;22.22;125.00;gneE0_2;DEFAULT_VEHTYPE
-1;256.47;3.96;gneE0_2;63;149.46;42.27;179.38;43.54;1476.10;keepRight;27.01;126.00;gneE0_1;DEFAULT_VEHTYPE
-1;21.72;18.86;gneE0_1;75;64.16;32.78;79.38;22.17;1085.18;keepRight;23.87;127.00;gneE0_0;DEFAULT_VEHTYPE
-1;117.65;37.14;gneE0_2;67;54.71;30.88;46.43;23.08;1132.08;keepRight;23.72;128.00;gneE0_1;DEFAULT_VEHTYPE
-1;31.23;26.78;gneE0_3;56;None;None;None;None;1925.08;keepRight;28.42;130.00;gneE0_2;DEFAULT_VEHTYPE
-1;94.91;1.67;gneE0_2;70;174.20;36.99;141.82;28.37;1430.02;keepRight;27.66;131.00;gneE0_1;DEFAULT_VEHTYPE
-1;32.17;27.29;gneE0_4;102;135.03;14.35;249.59;0.00;556.59;keepRight;23.81;131.00;gneE0_3;DEFAULT_VEHTYPE
-1;20.25;0.00;gneE0_2;98;398.76;33.14;170.88;25.60;669.97;keepRight;25.94;132.00;gneE0_1;DEFAULT_VEHTYPE
-1;207.85;22.03;gneE0_2;92;184.33;36.94;45.39;24.69;908.03;keepRight;25.86;133.00;gneE0_1;DEFAULT_VEHTYPE
-1;156.50;3.65;gneE0_2;114;168.06;3.49;93.36;0.00;279.52;keepRight;23.66;133.00;gneE0_1;DEFAULT_VEHTYPE
-1;55.44;0.00;gneE0_3;120;246.34;0.00;81.13;12.42;155.35;keepRight;23.47;134.00;gneE0_2;DEFAULT_VEHTYPE
-1;156.99;18.31;gneE0_3;115;90.14;0.00;169.09;10.82;340.71;keepRight;24.38;135.00;gneE0_2;DEFAULT_VEHTYPE
-1;50.19;9.98;gneE0_3;58;None;None;None;None;1998.95;keepRight;27.78;136.00;gneE0_2;DEFAULT_VEHTYPE
-1;63.02;27.01;gneE0_2;72;38.29;18.38;91.38;13.87;1276.57;keepRight;22.51;136.00;gneE0_1;DEFAULT_VEHTYPE
-1;138.56;7.26;gneE0_3;99;127.06;0.00;238.14;26.41;828.57;keepRight;26.86;136.00;gneE0_2;DEFAULT_VEHTYPE
-1;10.06;6.72;gneE0_4;127;235.76;16.59;113.42;26.79;176.85;keepRight;24.04;141.00;gneE0_3;DEFAULT_VEHTYPE
-1;113.27;26.18;gneE0_4;123;121.26;13.38;153.23;16.84;342.40;keepRight;23.32;143.00;gneE0_3;DEFAULT_VEHTYPE
-1;61.30;31.49;gneE0_3;78;35.75;10.75;70.11;13.24;1431.80;keepRight;23.36;145.00;gneE0_2;DEFAULT_VEHTYPE
-1;190.95;0.00;gneE0_3;129;50.30;0.00;20.89;6.11;245.34;keepRight;20.54;145.00;gneE0_2;DEFAULT_VEHTYPE
-1;97.86;0.00;gneE0_1;98;98.13;29.49;214.49;29.97;1029.17;keepRight;26.41;146.00;gneE0_0;DEFAULT_VEHTYPE
-1;28.18;25.35;gneE0_4;117;218.28;28.79;212.48;27.87;576.80;keepRight;25.77;146.00;gneE0_3;DEFAULT_VEHTYPE
-1;173.08;0.00;gneE0_2;99;152.57;25.00;159.37;23.76;1195.33;keepRight;25.72;150.00;gneE0_1;DEFAULT_VEHTYPE
-1;34.74;11.66;gneE0_3;127;38.34;13.38;112.97;20.75;412.71;keepRight;23.21;151.00;gneE0_2;DEFAULT_VEHTYPE
-1;29.76;26.29;gneE0_2;129;158.65;13.91;37.22;10.11;394.49;keepRight;21.52;152.00;gneE0_1;DEFAULT_VEHTYPE
-1;77.01;38.94;gneE0_1;137;57.11;17.41;90.02;19.30;331.01;keepRight;23.24;157.00;gneE0_0;DEFAULT_VEHTYPE
-1;28.64;0.00;gneE0_4;149;147.88;0.00;279.93;0.00;63.41;keepRight;13.92;157.00;gneE0_3;DEFAULT_VEHTYPE
-1;36.25;26.18;gneE0_1;129;81.52;17.36;171.08;11.73;544.88;keepRight;20.82;159.00;gneE0_0;DEFAULT_VEHTYPE
-1;13.51;8.36;gneE0_2;100;215.39;13.34;381.36;9.38;1264.51;keepRight;23.83;161.00;gneE0_1;DEFAULT_VEHTYPE
-1;58.15;27.91;gneE0_3;102;378.44;13.45;450.67;15.86;1293.59;keepRight;24.04;162.00;gneE0_2;DEFAULT_VEHTYPE
-1;82.08;37.08;gneE0_2;127;112.07;25.27;43.12;23.76;674.34;keepRight;23.97;162.00;gneE0_1;DEFAULT_VEHTYPE
-1;61.02;36.21;gneE0_1;143;55.87;20.21;92.26;23.40;342.51;keepRight;24.36;163.00;gneE0_0;DEFAULT_VEHTYPE
-1;28.02;20.92;gneE0_4;104;23.97;7.08;485.28;5.66;1284.06;keepRight;25.46;164.00;gneE0_3;DEFAULT_VEHTYPE
-1;155.50;0.00;gneE0_3;149;82.21;0.00;203.79;0.00;204.73;keepRight;21.14;164.00;gneE0_2;DEFAULT_VEHTYPE
-1;25.26;19.83;gneE0_1;72;29.09;18.74;None;None;1955.32;keepRight;22.79;166.00;gneE0_0;DEFAULT_VEHTYPE
-1;50.68;7.57;gneE0_1;100;170.63;9.62;241.27;11.13;1498.53;keepRight;23.44;171.00;gneE0_0;DEFAULT_VEHTYPE
-1;54.81;8.56;gneE0_2;102;233.77;14.06;397.91;19.90;1531.85;keepRight;23.86;172.00;gneE0_1;DEFAULT_VEHTYPE
-1;51.94;17.91;gneE0_4;135;106.72;31.98;109.05;23.82;768.03;keepRight;27.53;172.00;gneE0_3;DEFAULT_VEHTYPE
-1;29.40;21.09;gneE0_2;138;98.29;24.10;259.63;37.76;697.25;keepRight;25.64;172.00;gneE0_1;DEFAULT_VEHTYPE
-1;28.29;22.44;gneE0_2;149;68.42;0.00;118.80;3.76;377.52;keepRight;21.92;172.00;gneE0_1;DEFAULT_VEHTYPE
-1;108.41;24.37;gneE0_3;139;242.91;40.56;54.11;13.98;737.22;keepRight;26.14;173.00;gneE0_2;DEFAULT_VEHTYPE
-1;31.09;27.46;gneE0_1;152;71.86;10.90;26.87;21.92;497.05;keepRight;21.89;179.00;gneE0_0;DEFAULT_VEHTYPE
-1;95.79;0.00;gneE0_1;168;83.80;0.00;74.44;0.00;161.36;keepRight;20.77;180.00;gneE0_0;DEFAULT_VEHTYPE
-1;25.12;20.92;gneE0_1;149;46.15;7.65;120.67;0.00;571.71;keepRight;21.59;181.00;gneE0_0;DEFAULT_VEHTYPE
-1;119.48;1.75;gneE0_3;105;None;None;None;None;1929.76;keepRight;29.71;185.00;gneE0_2;DEFAULT_VEHTYPE
-1;109.91;0.00;gneE0_1;165;31.73;0.39;124.37;7.47;396.95;keepRight;26.16;186.00;gneE0_0;DEFAULT_VEHTYPE
-1;306.72;23.26;gneE0_2;161;63.23;0.00;140.49;0.00;487.45;keepRight;24.65;187.00;gneE0_1;DEFAULT_VEHTYPE
-1;75.96;44.82;gneE0_3;158;111.54;0.00;181.01;3.42;546.21;keepRight;24.10;188.00;gneE0_2;DEFAULT_VEHTYPE
-1;96.62;14.85;gneE0_4;166;313.75;7.24;103.02;27.19;413.46;keepRight;24.74;188.00;gneE0_3;DEFAULT_VEHTYPE
-1;138.56;31.27;gneE0_4;159;173.18;1.89;209.73;7.46;582.30;keepRight;24.07;189.00;gneE0_3;DEFAULT_VEHTYPE
-1;29.40;24.95;gneE0_2;147;36.97;18.59;96.03;24.70;970.30;keepRight;25.99;190.00;gneE0_1;DEFAULT_VEHTYPE
-1;128.39;38.90;gneE0_3;169;53.44;7.95;99.99;17.57;358.77;keepRight;23.78;190.00;gneE0_2;DEFAULT_VEHTYPE
-1;124.58;43.88;gneE0_3;151;209.15;32.89;287.42;23.18;910.32;keepRight;27.56;192.00;gneE0_2;DEFAULT_VEHTYPE
-1;141.94;48.72;gneE0_4;173;75.21;0.00;112.41;0.00;336.75;keepRight;22.41;194.00;gneE0_3;DEFAULT_VEHTYPE
-1;50.33;39.49;gneE0_3;154;59.62;31.79;355.79;24.27;954.17;keepRight;27.76;196.00;gneE0_2;DEFAULT_VEHTYPE
-1;19.23;15.33;gneE0_3;117;None;None;None;None;1888.86;keepRight;25.26;198.00;gneE0_2;DEFAULT_VEHTYPE
-1;40.52;0.00;gneE0_3;187;207.82;16.72;65.34;5.08;137.26;keepRight;23.15;198.00;gneE0_2;DEFAULT_VEHTYPE
-1;90.88;8.42;gneE0_1;122;67.04;34.73;222.38;26.01;1676.15;keepRight;23.84;200.00;gneE0_0;DEFAULT_VEHTYPE
-1;109.53;29.08;gneE0_2;120;204.68;19.64;213.53;15.46;1717.36;keepRight;22.86;201.00;gneE0_1;DEFAULT_VEHTYPE
-1;34.72;28.64;gneE0_2;169;210.01;18.93;92.33;11.06;660.17;keepRight;23.48;203.00;gneE0_1;DEFAULT_VEHTYPE
-1;36.37;30.56;gneE0_4;181;51.37;10.86;126.78;0.00;410.18;keepRight;24.76;204.00;gneE0_3;DEFAULT_VEHTYPE
-1;22.37;19.58;gneE0_3;173;215.18;10.58;140.92;0.00;587.82;keepRight;22.53;205.00;gneE0_2;DEFAULT_VEHTYPE
-1;20.11;17.12;gneE0_2;192;186.77;5.72;80.25;0.00;181.82;keepRight;22.71;205.00;gneE0_1;DEFAULT_VEHTYPE
-1;281.18;0.00;gneE0_4;153;327.58;26.99;554.19;34.68;1293.52;keepRight;28.22;207.00;gneE0_3;DEFAULT_VEHTYPE
-1;81.27;28.79;gneE0_3;185;81.39;1.30;198.68;11.02;291.49;keepRight;22.81;209.00;gneE0_2;DEFAULT_VEHTYPE
-1;26.16;23.50;gneE0_3;123;None;None;None;None;1923.46;keepRight;23.63;210.00;gneE0_2;DEFAULT_VEHTYPE
-1;266.73;0.00;gneE0_4;189;173.65;15.28;371.31;0.00;340.20;keepRight;22.23;210.00;gneE0_3;DEFAULT_VEHTYPE
-1;57.09;8.14;gneE0_1;169;162.47;17.63;219.74;16.25;868.51;keepRight;23.36;212.00;gneE0_0;DEFAULT_VEHTYPE
-1;61.46;0.00;gneE0_4;162;238.70;35.90;None;None;1214.89;keepRight;28.27;213.00;gneE0_3;DEFAULT_VEHTYPE
-1;31.48;6.67;gneE0_1;127;None;None;None;None;1908.05;keepRight;24.21;214.00;gneE0_0;DEFAULT_VEHTYPE
-1;53.29;18.21;gneE0_2;173;92.28;0.00;238.65;12.20;819.01;keepRight;23.31;215.00;gneE0_1;DEFAULT_VEHTYPE
-1;31.61;24.80;gneE0_2;198;48.38;18.89;82.02;23.33;304.93;keepRight;23.37;217.00;gneE0_1;DEFAULT_VEHTYPE
-1;89.92;18.99;gneE0_4;179;156.18;29.84;192.92;32.32;977.09;keepRight;28.89;219.00;gneE0_3;DEFAULT_VEHTYPE
-1;21.75;18.58;gneE0_3;189;105.03;0.00;191.48;16.76;543.56;keepRight;23.09;219.00;gneE0_2;DEFAULT_VEHTYPE
-1;30.55;0.00;gneE0_1;211;120.43;0.00;73.48;0.00;92.56;keepRight;17.76;220.00;gneE0_0;DEFAULT_VEHTYPE
-1;65.40;29.87;gneE0_3;181;74.91;12.69;114.48;7.23;873.57;keepRight;24.06;223.00;gneE0_2;DEFAULT_VEHTYPE
-1;59.88;23.66;gneE0_1;192;100.10;0.00;250.72;13.72;621.49;keepRight;22.30;224.00;gneE0_0;DEFAULT_VEHTYPE
-1;32.57;24.39;gneE0_2;185;247.36;17.07;25.72;27.61;649.10;keepRight;23.06;225.00;gneE0_1;DEFAULT_VEHTYPE
-1;103.24;15.24;gneE0_4;197;356.24;23.50;100.65;33.26;532.80;keepRight;27.02;225.00;gneE0_3;DEFAULT_VEHTYPE
-1;24.85;2.25;gneE0_2;215;187.85;0.00;105.50;0.00;100.89;keepRight;17.97;225.00;gneE0_1;DEFAULT_VEHTYPE
-1;60.61;30.70;gneE0_1;198;88.81;23.13;56.29;20.07;532.52;keepRight;23.16;227.00;gneE0_0;DEFAULT_VEHTYPE
-1;31.78;26.96;gneE0_3;202;36.24;18.87;108.01;16.74;474.25;keepRight;25.11;227.00;gneE0_2;DEFAULT_VEHTYPE
-1;26.13;21.87;gneE0_2;189;221.55;15.54;144.18;0.00;747.85;keepRight;22.70;228.00;gneE0_1;DEFAULT_VEHTYPE
-1;94.46;34.02;gneE0_4;195;260.27;9.63;714.73;8.13;740.70;keepRight;25.41;229.00;gneE0_3;DEFAULT_VEHTYPE
-1;116.59;0.00;gneE0_1;206;64.43;22.24;102.96;31.14;391.31;keepRight;24.38;229.00;gneE0_0;DEFAULT_VEHTYPE
-1;146.97;0.00;gneE0_3;162;157.39;29.87;232.18;30.65;1690.96;keepRight;28.11;230.00;gneE0_2;DEFAULT_VEHTYPE
-1;69.56;24.67;gneE0_2;156;None;None;35.54;23.81;1880.43;keepRight;27.08;231.00;gneE0_1;DEFAULT_VEHTYPE
-1;114.67;15.98;gneE0_3;214;87.67;16.87;111.53;14.53;271.67;keepRight;23.67;231.00;gneE0_2;DEFAULT_VEHTYPE
-1;13.37;3.15;gneE0_2;175;176.52;13.63;262.21;34.84;1225.90;keepRight;26.37;232.00;gneE0_1;DEFAULT_VEHTYPE
-1;65.49;51.56;gneE0_2;167;71.87;25.87;45.87;32.76;1593.84;keepRight;25.34;236.00;gneE0_1;DEFAULT_VEHTYPE
-1;23.01;20.04;gneE0_3;208;140.56;35.97;307.90;24.67;518.65;keepRight;26.44;236.00;gneE0_2;DEFAULT_VEHTYPE
-1;134.88;11.15;gneE0_2;210;175.50;30.23;23.01;20.04;490.64;keepRight;25.38;236.00;gneE0_1;DEFAULT_VEHTYPE
-1;33.95;19.73;gneE0_1;189;116.28;1.92;234.93;16.40;952.85;keepRight;23.15;237.00;gneE0_0;DEFAULT_VEHTYPE
-1;378.64;3.18;gneE0_4;207;203.80;36.44;1037.21;24.43;676.44;keepRight;28.10;238.00;gneE0_3;DEFAULT_VEHTYPE
-1;65.25;20.16;gneE0_3;180;274.04;42.20;113.26;18.40;1436.91;keepRight;27.28;239.00;gneE0_2;DEFAULT_VEHTYPE
-1;19.70;5.69;gneE0_1;173;118.53;22.44;37.95;10.68;1414.88;keepRight;23.10;241.00;gneE0_0;DEFAULT_VEHTYPE
-1;53.20;11.74;gneE0_4;217;332.04;18.21;253.32;11.88;421.82;keepRight;26.20;241.00;gneE0_3;DEFAULT_VEHTYPE
-1;159.07;36.62;gneE0_3;219;75.22;0.00;53.20;11.74;363.61;keepRight;23.79;241.00;gneE0_2;DEFAULT_VEHTYPE
-1;94.87;17.00;gneE0_3;195;179.01;29.10;286.54;12.16;1077.66;keepRight;25.41;242.00;gneE0_2;DEFAULT_VEHTYPE
-1;42.80;20.00;gneE0_2;214;99.06;17.36;131.83;13.14;537.23;keepRight;23.82;242.00;gneE0_1;DEFAULT_VEHTYPE
-1;27.52;22.29;gneE0_1;225;68.99;0.23;140.02;14.35;302.21;keepRight;22.50;244.00;gneE0_0;DEFAULT_VEHTYPE
-1;77.15;29.66;gneE0_3;222;65.60;28.68;139.93;15.86;435.71;keepRight;24.64;247.00;gneE0_2;DEFAULT_VEHTYPE
-1;45.00;27.17;gneE0_4;229;103.72;12.52;208.73;9.30;286.22;keepRight;24.05;247.00;gneE0_3;DEFAULT_VEHTYPE
-1;36.42;24.33;gneE0_2;208;132.11;33.39;128.85;30.61;908.50;keepRight;26.03;251.00;gneE0_1;DEFAULT_VEHTYPE
-1;49.47;3.42;gneE0_1;214;170.39;21.49;108.92;14.81;804.41;keepRight;23.92;253.00;gneE0_0;DEFAULT_VEHTYPE
-1;37.79;34.96;gneE0_2;230;102.29;12.99;140.35;17.82;389.53;keepRight;24.29;254.00;gneE0_1;DEFAULT_VEHTYPE
-1;74.62;5.43;gneE0_2;195;212.67;35.22;162.44;35.11;1414.95;keepRight;25.91;255.00;gneE0_1;DEFAULT_VEHTYPE
-1;92.14;10.00;gneE0_3;217;68.84;9.31;350.57;22.78;791.57;keepRight;26.78;255.00;gneE0_2;DEFAULT_VEHTYPE
-1;83.82;41.12;gneE0_3;231;126.10;12.02;36.92;21.31;456.05;keepRight;23.79;256.00;gneE0_2;DEFAULT_VEHTYPE
-1;76.39;43.72;gneE0_4;221;433.69;14.91;365.69;8.95;764.66;keepRight;25.92;257.00;gneE0_3;DEFAULT_VEHTYPE
-1;35.71;31.47;gneE0_3;229;85.84;15.91;156.11;0.48;522.17;keepRight;24.19;257.00;gneE0_2;DEFAULT_VEHTYPE
-1;367.72;14.81;gneE0_4;209;62.97;28.35;None;None;1163.47;keepRight;28.12;258.00;gneE0_3;DEFAULT_VEHTYPE
-1;136.96;73.11;gneE0_4;237;54.70;15.66;None;None;420.87;keepRight;24.75;259.00;gneE0_3;DEFAULT_VEHTYPE
-1;23.04;6.01;gneE0_1;215;64.04;16.39;191.65;10.51;974.83;keepRight;22.64;263.00;gneE0_0;DEFAULT_VEHTYPE
-1;51.34;27.49;gneE0_2;229;70.67;17.18;103.96;17.41;759.93;keepRight;23.94;267.00;gneE0_1;DEFAULT_VEHTYPE
-1;121.53;4.82;gneE0_3;197;184.92;41.95;None;None;1733.96;keepRight;27.18;269.00;gneE0_2;DEFAULT_VEHTYPE
-1;53.87;31.29;gneE0_2;217;156.54;27.88;125.72;4.82;1186.66;keepRight;25.98;270.00;gneE0_1;DEFAULT_VEHTYPE
-1;29.10;25.53;gneE0_2;228;116.06;41.03;46.86;33.66;946.80;keepRight;26.29;270.00;gneE0_1;DEFAULT_VEHTYPE
-1;28.40;23.66;gneE0_3;237;35.19;20.23;68.46;25.26;749.50;keepRight;25.67;272.00;gneE0_2;DEFAULT_VEHTYPE
-1;63.99;6.04;gneE0_3;221;221.73;10.55;399.16;22.36;1211.83;keepRight;26.93;274.00;gneE0_2;DEFAULT_VEHTYPE
-1;26.77;22.34;gneE0_3;255;105.13;26.32;72.71;29.83;402.12;keepRight;26.43;276.00;gneE0_2;DEFAULT_VEHTYPE
-1;93.35;18.81;gneE0_4;247;98.80;0.99;None;None;604.11;keepRight;27.30;277.00;gneE0_3;DEFAULT_VEHTYPE
-1;43.08;38.98;gneE0_2;251;46.06;21.10;222.55;17.91;592.29;keepRight;26.85;279.00;gneE0_1;DEFAULT_VEHTYPE
-1;71.30;30.45;gneE0_3;250;263.63;4.79;101.58;14.44;608.62;keepRight;25.53;281.00;gneE0_2;DEFAULT_VEHTYPE
-1;31.12;24.15;gneE0_2;222;58.93;30.03;35.82;31.59;1314.90;keepRight;24.93;283.00;gneE0_1;DEFAULT_VEHTYPE
-1;24.73;19.16;gneE0_1;260;72.71;22.43;92.82;21.43;435.37;keepRight;25.26;284.00;gneE0_0;DEFAULT_VEHTYPE
-1;52.04;5.51;gneE0_1;220;49.35;26.18;110.51;8.37;1498.52;keepRight;23.57;288.00;gneE0_0;DEFAULT_VEHTYPE
-1;160.94;11.68;gneE0_4;259;28.01;21.11;128.23;22.12;537.10;keepRight;27.15;288.00;gneE0_3;DEFAULT_VEHTYPE
-1;18.20;15.24;gneE0_4;266;142.51;7.14;277.14;0.00;416.62;keepRight;23.73;289.00;gneE0_3;DEFAULT_VEHTYPE
-1;16.88;13.31;gneE0_2;267;283.79;16.12;144.87;0.12;453.65;keepRight;24.04;292.00;gneE0_1;DEFAULT_VEHTYPE
-1;47.46;28.43;gneE0_4;275;123.04;6.24;42.16;27.07;266.62;keepRight;24.22;292.00;gneE0_3;DEFAULT_VEHTYPE
-1;119.49;20.31;gneE0_3;247;157.57;27.92;167.21;0.00;1044.33;keepRight;27.17;293.00;gneE0_2;DEFAULT_VEHTYPE
-1;42.04;24.58;gneE0_4;272;78.82;9.20;114.04;0.00;337.67;keepRight;23.90;293.00;gneE0_3;DEFAULT_VEHTYPE
-1;92.32;28.78;gneE0_4;257;402.51;9.09;None;None;840.83;keepRight;28.60;294.00;gneE0_3;DEFAULT_VEHTYPE
-1;20.03;15.96;gneE0_1;269;118.98;9.42;25.78;0.30;476.82;keepRight;23.18;294.00;gneE0_0;DEFAULT_VEHTYPE
-1;29.09;25.93;gneE0_2;219;158.28;10.76;126.40;10.97;1639.73;keepRight;23.85;295.00;gneE0_1;DEFAULT_VEHTYPE
-1;175.53;21.28;gneE0_3;266;136.71;10.64;173.74;11.06;656.34;keepRight;24.31;299.00;gneE0_2;DEFAULT_VEHTYPE
-1;14.50;8.44;gneE0_3;272;171.00;22.27;99.43;13.99;576.76;keepRight;24.11;303.00;gneE0_2;DEFAULT_VEHTYPE
-1;28.19;25.55;gneE0_2;274;171.11;21.72;14.50;8.44;557.26;keepRight;21.30;303.00;gneE0_1;DEFAULT_VEHTYPE
-1;56.99;30.42;gneE0_2;284;55.28;14.54;79.67;6.01;367.63;keepRight;24.17;306.00;gneE0_1;DEFAULT_VEHTYPE
-1;20.79;18.04;gneE0_3;233;None;None;None;None;1741.28;keepRight;26.83;307.00;gneE0_2;DEFAULT_VEHTYPE
-1;21.35;17.09;gneE0_1;240;188.12;22.34;231.47;30.31;1377.79;keepRight;22.71;308.00;gneE0_0;DEFAULT_VEHTYPE
-1;12.00;2.97;gneE0_2;302;230.72;0.00;73.14;0.00;46.06;keepRight;11.09;308.00;gneE0_1;DEFAULT_VEHTYPE
-1;22.24;17.56;gneE0_2;266;281.93;13.59;167.86;8.55;897.60;keepRight;23.89;309.00;gneE0_1;DEFAULT_VEHTYPE
-1;90.65;0.00;gneE0_2;296;159.44;10.84;113.69;0.95;169.84;keepRight;23.75;310.00;gneE0_1;DEFAULT_VEHTYPE
-1;30.33;24.35;gneE0_3;259;107.01;37.23;68.60;21.88;1159.38;keepRight;27.48;311.00;gneE0_2;DEFAULT_VEHTYPE
-1;169.55;46.27;gneE0_4;289;91.70;16.43;85.59;9.69;434.38;keepRight;26.32;311.00;gneE0_3;DEFAULT_VEHTYPE
-1;119.24;46.39;gneE0_3;275;45.54;23.25;179.14;0.54;741.45;keepRight;23.85;312.00;gneE0_2;DEFAULT_VEHTYPE
-1;17.09;11.53;gneE0_1;279;113.71;25.21;78.35;41.24;673.55;keepRight;24.05;313.00;gneE0_0;DEFAULT_VEHTYPE
-1;176.24;0.00;gneE0_3;264;178.40;40.02;292.66;31.61;1020.82;keepRight;28.77;314.00;gneE0_2;DEFAULT_VEHTYPE
-1;15.80;11.50;gneE0_2;231;None;None;30.95;23.94;1914.38;keepRight;25.35;315.00;gneE0_1;DEFAULT_VEHTYPE
-1;68.07;30.15;gneE0_4;270;260.99;20.67;None;None;1081.84;keepRight;28.11;315.00;gneE0_3;DEFAULT_VEHTYPE
-1;32.12;27.47;gneE0_1;287;173.48;39.51;60.39;32.93;517.01;keepRight;24.76;315.00;gneE0_0;DEFAULT_VEHTYPE
-1;53.51;27.64;gneE0_1;266;84.27;17.83;301.08;18.17;1161.28;keepRight;24.36;320.00;gneE0_0;DEFAULT_VEHTYPE
-1;144.15;37.90;gneE0_3;299;181.56;12.00;143.54;0.00;377.58;keepRight;24.43;320.00;gneE0_2;DEFAULT_VEHTYPE
-1;65.59;26.58;gneE0_1;296;46.96;14.74;178.02;10.48;436.56;keepRight;23.74;321.00;gneE0_0;DEFAULT_VEHTYPE
-1;219.12;31.84;gneE0_4;294;57.20;7.93;312.96;11.95;521.98;keepRight;25.78;322.00;gneE0_3;DEFAULT_VEHTYPE
-1;38.14;30.30;gneE0_4;308;90.29;4.03;181.32;13.10;281.42;keepRight;23.05;325.00;gneE0_3;DEFAULT_VEHTYPE
-1;20.56;15.35;gneE0_1;306;62.21;18.22;74.37;18.99;355.96;keepRight;23.70;327.00;gneE0_0;DEFAULT_VEHTYPE
-1;40.98;2.56;gneE0_1;244;None;None;None;None;1913.21;keepRight;26.36;330.00;gneE0_0;DEFAULT_VEHTYPE
-1;80.41;34.30;gneE0_4;301;126.59;27.76;472.21;9.98;620.87;keepRight;25.45;331.00;gneE0_3;DEFAULT_VEHTYPE
-1;27.21;24.04;gneE0_2;250;None;None;None;None;1919.94;keepRight;25.27;332.00;gneE0_1;DEFAULT_VEHTYPE
-1;31.56;26.57;gneE0_2;299;228.74;13.80;219.13;7.73;671.17;keepRight;24.39;332.00;gneE0_1;DEFAULT_VEHTYPE
-1;27.46;19.34;gneE0_2;314;85.67;20.07;236.64;13.86;303.78;keepRight;24.75;332.00;gneE0_1;DEFAULT_VEHTYPE
-1;204.30;22.15;gneE0_3;308;104.35;10.90;120.89;7.28;488.71;keepRight;23.29;334.00;gneE0_2;DEFAULT_VEHTYPE
-1;224.72;34.03;gneE0_3;294;118.16;12.31;110.00;0.00;854.28;keepRight;24.99;335.00;gneE0_2;DEFAULT_VEHTYPE
-1;18.76;11.44;gneE0_3;289;158.57;27.81;138.69;20.68;1087.36;keepRight;26.47;336.00;gneE0_2;DEFAULT_VEHTYPE
-1;73.58;26.13;gneE0_2;264;198.31;42.65;144.39;35.69;1730.11;keepRight;28.21;339.00;gneE0_1;DEFAULT_VEHTYPE
-1;26.02;19.56;gneE0_3;315;169.14;29.24;96.73;16.92;429.92;keepRight;24.16;339.00;gneE0_2;DEFAULT_VEHTYPE
-1;12.77;3.87;gneE0_4;329;149.05;0.00;124.55;0.00;75.21;keepRight;16.18;339.00;gneE0_3;DEFAULT_VEHTYPE
-1;338.30;2.40;gneE0_3;270;107.47;33.55;None;None;1821.91;keepRight;28.10;341.00;gneE0_2;DEFAULT_VEHTYPE
-1;26.47;15.26;gneE0_1;324;88.17;7.43;66.00;13.79;279.60;keepRight;22.68;342.00;gneE0_0;DEFAULT_VEHTYPE
-1;85.05;32.73;gneE0_3;301;130.36;24.44;275.04;0.00;925.22;keepRight;24.97;343.00;gneE0_2;DEFAULT_VEHTYPE
-1;26.86;23.74;gneE0_2;308;135.74;10.78;141.33;1.36;742.15;keepRight;22.69;345.00;gneE0_1;DEFAULT_VEHTYPE
-1;141.65;26.13;gneE0_3;310;163.42;9.99;179.82;12.99;720.06;keepRight;24.13;345.00;gneE0_2;DEFAULT_VEHTYPE
-1;21.53;16.00;gneE0_1;328;53.64;21.62;162.25;13.39;255.66;keepRight;22.01;345.00;gneE0_0;DEFAULT_VEHTYPE
-1;74.58;18.46;gneE0_1;276;57.42;22.96;45.10;23.64;1576.23;keepRight;24.07;348.00;gneE0_0;DEFAULT_VEHTYPE
-1;121.38;22.17;gneE0_2;294;121.56;23.74;125.09;24.30;1188.71;keepRight;25.04;348.00;gneE0_1;DEFAULT_VEHTYPE
-1;78.44;11.93;gneE0_1;320;30.29;22.46;76.97;34.11;544.22;keepRight;24.88;350.00;gneE0_0;DEFAULT_VEHTYPE
-1;35.96;14.41;gneE0_2;289;99.30;27.78;139.56;39.25;1506.34;keepRight;25.95;352.00;gneE0_1;DEFAULT_VEHTYPE
-1;44.59;30.20;gneE0_2;331;279.99;26.48;233.49;17.30;461.83;keepRight;24.12;355.00;gneE0_1;DEFAULT_VEHTYPE
-1;46.61;13.85;gneE0_2;334;43.26;20.00;331.34;18.24;363.97;keepRight;24.28;355.00;gneE0_1;DEFAULT_VEHTYPE
-1;302.07;20.02;gneE0_3;329;268.33;13.45;248.54;0.00;476.00;keepRight;22.24;357.00;gneE0_2;DEFAULT_VEHTYPE
-1;29.37;26.26;gneE0_2;344;64.09;1.20;305.34;22.00;323.95;keepRight;22.08;364.00;gneE0_1;DEFAULT_VEHTYPE
-1;73.65;23.42;gneE0_3;343;282.76;26.04;163.71;13.55;415.99;keepRight;23.69;367.00;gneE0_2;DEFAULT_VEHTYPE
-1;103.33;26.26;gneE0_4;341;151.77;17.42;104.84;14.23;453.80;keepRight;24.46;368.00;gneE0_3;DEFAULT_VEHTYPE
-1;14.72;8.98;gneE0_3;356;111.81;0.00;182.70;14.09;206.37;keepRight;22.28;370.00;gneE0_2;DEFAULT_VEHTYPE
-1;29.14;24.91;gneE0_4;336;75.93;30.27;358.34;22.92;723.48;keepRight;26.53;371.00;gneE0_3;DEFAULT_VEHTYPE
-1;65.31;29.61;gneE0_1;344;173.01;23.64;100.69;0.00;499.52;keepRight;22.18;372.00;gneE0_0;DEFAULT_VEHTYPE
-1;58.36;44.24;gneE0_1;360;142.97;17.82;187.64;2.52;259.23;keepRight;23.62;376.00;gneE0_0;DEFAULT_VEHTYPE
-1;61.38;20.05;gneE0_1;308;26.59;20.07;195.30;13.49;1483.70;keepRight;23.31;377.00;gneE0_0;DEFAULT_VEHTYPE
-1;48.38;23.10;gneE0_2;310;176.44;26.73;227.97;18.10;1527.09;keepRight;24.90;378.00;gneE0_1;DEFAULT_VEHTYPE
-1;179.18;53.85;gneE0_2;356;117.74;0.00;152.86;0.00;383.18;keepRight;21.77;378.00;gneE0_1;DEFAULT_VEHTYPE
-1;33.00;5.40;gneE0_3;332;262.10;29.22;328.71;16.52;1037.36;keepRight;25.62;380.00;gneE0_2;DEFAULT_VEHTYPE
-1;23.73;19.97;gneE0_3;341;249.03;31.49;171.53;9.35;745.34;keepRight;23.80;380.00;gneE0_2;DEFAULT_VEHTYPE
-1;75.10;19.87;gneE0_3;364;98.73;12.71;165.16;9.63;237.27;keepRight;23.32;381.00;gneE0_2;DEFAULT_VEHTYPE
-1;21.73;14.72;gneE0_2;301;None;None;None;None;1919.79;keepRight;25.98;382.00;gneE0_1;DEFAULT_VEHTYPE
-1;27.61;20.37;gneE0_2;347;33.42;21.86;72.86;25.96;683.94;keepRight;23.59;382.00;gneE0_1;DEFAULT_VEHTYPE
-1;62.88;8.83;gneE0_4;371;291.45;10.28;64.73;2.67;187.37;keepRight;22.84;384.00;gneE0_3;DEFAULT_VEHTYPE
-1;29.12;0.00;gneE0_3;378;188.06;0.00;71.21;0.00;65.85;keepRight;15.56;385.00;gneE0_2;DEFAULT_VEHTYPE
-1;44.86;41.45;gneE0_1;356;84.35;11.20;137.56;14.09;560.96;keepRight;21.54;386.00;gneE0_0;DEFAULT_VEHTYPE
-1;140.13;30.64;gneE0_3;371;62.29;10.76;315.21;12.66;394.93;keepRight;23.18;393.00;gneE0_2;DEFAULT_VEHTYPE
-1;26.74;23.67;gneE0_3;359;49.20;8.88;229.24;32.81;740.48;keepRight;25.35;394.00;gneE0_2;DEFAULT_VEHTYPE
-1;398.21;16.14;gneE0_4;358;208.62;35.08;198.05;27.47;785.19;keepRight;25.92;395.00;gneE0_3;DEFAULT_VEHTYPE
-1;11.15;7.51;gneE0_2;329;88.44;17.08;87.65;2.32;1364.47;keepRight;22.61;396.00;gneE0_1;DEFAULT_VEHTYPE
-1;176.85;6.46;gneE0_4;368;218.09;36.61;161.75;22.11;587.99;keepRight;27.58;396.00;gneE0_3;DEFAULT_VEHTYPE
-1;27.90;24.46;gneE0_2;364;102.72;5.13;138.74;10.08;577.63;keepRight;22.74;396.00;gneE0_1;DEFAULT_VEHTYPE
-1;26.94;23.57;gneE0_3;348;69.42;20.10;318.69;13.54;1120.13;keepRight;24.05;400.00;gneE0_2;DEFAULT_VEHTYPE
-1;30.48;22.13;gneE0_2;362;192.63;39.97;30.47;34.69;824.58;keepRight;26.42;400.00;gneE0_1;DEFAULT_VEHTYPE
-1;165.62;9.55;gneE0_2;371;32.64;14.49;99.13;16.24;761.64;keepRight;23.56;409.00;gneE0_1;DEFAULT_VEHTYPE
-1;63.45;32.70;gneE0_3;373;141.40;19.61;218.63;9.98;719.37;keepRight;24.12;409.00;gneE0_2;DEFAULT_VEHTYPE
-1;16.15;12.32;gneE0_2;332;None;None;None;None;1821.45;keepRight;26.06;410.00;gneE0_1;DEFAULT_VEHTYPE
-1;264.80;19.93;gneE0_3;336;None;None;None;None;1743.41;keepRight;25.55;410.00;gneE0_2;DEFAULT_VEHTYPE
-1;14.97;10.84;gneE0_4;392;214.63;11.35;171.47;6.12;304.29;keepRight;25.61;410.00;gneE0_3;DEFAULT_VEHTYPE
-1;203.24;26.18;gneE0_4;351;323.61;13.87;257.19;20.90;1405.25;keepRight;25.79;411.00;gneE0_3;DEFAULT_VEHTYPE
-1;97.81;35.55;gneE0_3;393;63.23;15.76;17.86;8.70;307.45;keepRight;23.13;411.00;gneE0_2;DEFAULT_VEHTYPE
-1;123.59;40.32;gneE0_4;374;185.56;30.46;372.00;22.90;834.55;keepRight;27.34;412.00;gneE0_3;DEFAULT_VEHTYPE
-1;62.90;32.08;gneE0_4;381;53.07;21.67;559.15;21.46;790.09;keepRight;27.76;417.00;gneE0_3;DEFAULT_VEHTYPE
-1;54.82;33.27;gneE0_1;395;78.51;11.95;156.20;15.61;397.57;keepRight;24.82;417.00;gneE0_0;DEFAULT_VEHTYPE
-1;90.00;2.81;gneE0_2;378;88.11;31.46;55.40;31.39;875.94;keepRight;25.04;418.00;gneE0_1;DEFAULT_VEHTYPE
-1;297.31;28.91;gneE0_4;340;None;None;None;None;1969.50;keepRight;26.13;421.00;gneE0_3;DEFAULT_VEHTYPE
-1;321.37;25.57;gneE0_2;389;30.36;19.94;153.88;15.00;627.08;keepRight;24.97;421.00;gneE0_1;DEFAULT_VEHTYPE
-1;237.06;34.79;gneE0_2;393;79.31;13.92;238.19;3.95;542.77;keepRight;23.13;421.00;gneE0_1;DEFAULT_VEHTYPE
-1;71.76;15.03;gneE0_4;398;168.29;28.32;62.72;28.75;418.63;keepRight;26.63;421.00;gneE0_3;DEFAULT_VEHTYPE
-1;27.35;9.06;gneE0_2;369;150.94;21.96;221.76;27.64;1222.94;keepRight;25.76;423.00;gneE0_1;DEFAULT_VEHTYPE
-1;62.73;25.73;gneE0_4;394;100.50;25.03;310.05;15.60;538.36;keepRight;26.14;423.00;gneE0_3;DEFAULT_VEHTYPE
-1;47.49;0.00;gneE0_3;414;201.27;0.00;47.14;0.00;67.35;keepRight;15.23;423.00;gneE0_2;DEFAULT_VEHTYPE
-1;273.68;10.28;gneE0_3;368;112.92;34.49;170.86;30.42;1382.72;keepRight;27.08;425.00;gneE0_2;DEFAULT_VEHTYPE
-1;210.21;18.87;gneE0_1;371;45.13;11.91;29.86;18.63;1177.66;keepRight;22.00;427.00;gneE0_0;DEFAULT_VEHTYPE
-1;32.56;28.31;gneE0_3;402;53.51;20.56;82.79;17.69;567.33;keepRight;25.03;430.00;gneE0_2;DEFAULT_VEHTYPE
-1;137.58;25.48;gneE0_2;396;76.23;29.92;345.60;16.59;695.76;keepRight;24.59;431.00;gneE0_1;DEFAULT_VEHTYPE
-1;28.49;23.33;gneE0_1;393;62.68;20.35;95.54;22.20;801.02;keepRight;24.03;432.00;gneE0_0;DEFAULT_VEHTYPE
-1;101.49;7.44;gneE0_3;374;194.51;25.72;358.20;32.94;1401.40;keepRight;26.80;433.00;gneE0_2;DEFAULT_VEHTYPE
-1;194.94;27.36;gneE0_3;392;191.89;18.16;265.64;16.10;903.27;keepRight;25.75;433.00;gneE0_2;DEFAULT_VEHTYPE
-1;61.73;12.68;gneE0_1;412;73.68;0.37;203.09;26.11;395.57;keepRight;25.00;433.00;gneE0_0;DEFAULT_VEHTYPE
-1;56.37;21.32;gneE0_2;348;41.30;12.16;None;None;1942.88;keepRight;23.70;434.00;gneE0_1;DEFAULT_VEHTYPE
-1;53.02;7.06;gneE0_4;363;None;None;None;None;1899.71;keepRight;28.68;436.00;gneE0_3;DEFAULT_VEHTYPE
-1;95.78;20.14;gneE0_3;394;97.88;28.94;374.32;17.35;905.88;keepRight;26.75;437.00;gneE0_2;DEFAULT_VEHTYPE
-1;18.47;14.01;gneE0_1;347;None;None;None;None;1997.40;keepRight;23.60;439.00;gneE0_0;DEFAULT_VEHTYPE
-1;30.64;21.82;gneE0_4;408;61.53;8.77;133.24;13.10;574.73;keepRight;25.64;439.00;gneE0_3;DEFAULT_VEHTYPE
-1;53.30;30.08;gneE0_3;417;64.17;32.59;142.06;34.54;466.00;keepRight;26.82;442.00;gneE0_2;DEFAULT_VEHTYPE
-1;82.71;29.44;gneE0_4;422;247.72;24.40;179.85;11.90;360.34;keepRight;25.13;442.00;gneE0_3;DEFAULT_VEHTYPE
-1;89.31;38.27;gneE0_4;426;46.43;0.00;320.84;0.00;247.25;keepRight;19.25;443.00;gneE0_3;DEFAULT_VEHTYPE
-1;57.98;0.00;gneE0_3;431;203.00;12.11;89.31;38.27;152.94;keepRight;22.96;443.00;gneE0_2;DEFAULT_VEHTYPE
-1;37.04;31.15;gneE0_1;421;55.54;10.81;185.63;17.05;391.67;keepRight;23.89;444.00;gneE0_0;DEFAULT_VEHTYPE
-1;36.78;21.28;gneE0_2;402;88.82;33.02;62.57;25.90;970.75;keepRight;25.68;446.00;gneE0_1;DEFAULT_VEHTYPE
-1;28.93;23.23;gneE0_3;398;63.18;25.73;469.59;18.14;1177.29;keepRight;26.55;450.00;gneE0_2;DEFAULT_VEHTYPE
-1;101.18;27.33;gneE0_3;408;143.13;25.90;95.75;16.82;876.30;keepRight;25.41;451.00;gneE0_2;DEFAULT_VEHTYPE
-1;20.99;17.68;gneE0_4;407;633.49;29.35;613.93;22.84;1069.81;keepRight;28.05;452.00;gneE0_3;DEFAULT_VEHTYPE
-1;29.99;13.50;gneE0_1;415;79.30;22.30;294.68;21.26;906.52;keepRight;24.87;457.00;gneE0_0;DEFAULT_VEHTYPE
-1;26.42;20.34;gneE0_3;426;200.95;0.00;148.35;0.00;512.08;keepRight;19.30;457.00;gneE0_2;DEFAULT_VEHTYPE
-1;27.97;15.64;gneE0_1;439;180.04;31.93;86.59;47.81;314.36;keepRight;27.70;457.00;gneE0_0;DEFAULT_VEHTYPE
-1;334.93;20.21;gneE0_2;414;274.23;25.90;92.38;30.78;952.80;keepRight;25.84;458.00;gneE0_1;DEFAULT_VEHTYPE
-1;146.39;23.81;gneE0_3;432;68.67;17.58;301.50;0.00;385.00;keepRight;20.79;458.00;gneE0_2;DEFAULT_VEHTYPE
-1;262.95;24.96;gneE0_4;428;112.32;15.11;406.64;8.78;651.59;keepRight;24.45;461.00;gneE0_3;DEFAULT_VEHTYPE
-1;215.39;13.62;gneE0_4;416;60.38;20.49;880.61;20.95;1091.17;keepRight;27.94;462.00;gneE0_3;DEFAULT_VEHTYPE
-1;4.74;0.00;gneE0_3;411;144.39;50.64;103.59;43.87;1186.03;keepRight;29.48;463.00;gneE0_2;DEFAULT_VEHTYPE
-1;88.18;35.44;gneE0_2;408;177.40;22.24;4.74;0.00;1176.29;keepRight;24.81;463.00;gneE0_1;DEFAULT_VEHTYPE
-1;85.86;27.95;gneE0_2;426;109.22;0.00;240.29;0.00;626.11;keepRight;18.29;463.00;gneE0_1;DEFAULT_VEHTYPE
-1;26.84;21.33;gneE0_2;441;189.61;28.62;144.99;25.29;340.64;keepRight;21.90;463.00;gneE0_1;DEFAULT_VEHTYPE
-1;198.18;6.19;gneE0_2;379;None;None;None;None;1965.79;keepRight;24.98;464.00;gneE0_1;DEFAULT_VEHTYPE
-1;243.21;23.29;gneE0_2;420;91.01;31.54;35.78;26.68;1091.58;keepRight;26.60;467.00;gneE0_1;DEFAULT_VEHTYPE
-1;22.67;19.20;gneE0_1;427;68.88;36.20;243.21;23.29;843.37;keepRight;26.05;467.00;gneE0_0;DEFAULT_VEHTYPE
-1;21.94;16.43;gneE0_3;422;129.55;25.99;225.97;16.83;1024.04;keepRight;26.19;468.00;gneE0_2;DEFAULT_VEHTYPE
-1;105.92;58.78;gneE0_1;426;73.36;0.00;401.46;0.00;739.44;keepRight;18.56;469.00;gneE0_0;DEFAULT_VEHTYPE
-1;27.61;23.02;gneE0_4;438;227.19;33.68;91.64;21.75;617.22;keepRight;26.17;469.00;gneE0_3;DEFAULT_VEHTYPE
-1;143.44;23.22;gneE0_2;432;56.16;0.00;91.11;0.00;662.45;keepRight;21.76;471.00;gneE0_1;DEFAULT_VEHTYPE
-1;58.35;23.73;gneE0_1;441;115.53;6.72;143.44;23.22;514.01;keepRight;22.05;471.00;gneE0_0;DEFAULT_VEHTYPE
-1;95.44;30.44;gneE0_3;428;167.98;20.49;127.47;18.51;923.03;keepRight;24.65;472.00;gneE0_2;DEFAULT_VEHTYPE
-1;36.10;30.44;gneE0_4;448;85.10;16.83;178.61;0.00;505.52;keepRight;25.93;474.00;gneE0_3;DEFAULT_VEHTYPE
-1;34.02;21.53;gneE0_1;408;126.40;23.53;180.67;25.96;1475.77;keepRight;25.59;475.00;gneE0_0;DEFAULT_VEHTYPE
-1;65.72;28.27;gneE0_2;431;403.58;18.11;91.46;30.75;900.37;keepRight;25.81;475.00;gneE0_1;DEFAULT_VEHTYPE
-1;102.29;18.00;gneE0_4;436;252.01;27.65;137.71;7.43;902.83;keepRight;26.64;476.00;gneE0_3;DEFAULT_VEHTYPE
-1;47.56;45.00;gneE0_4;451;43.41;26.14;276.54;0.00;469.16;keepRight;26.25;476.00;gneE0_3;DEFAULT_VEHTYPE
-1;96.24;26.76;gneE0_3;416;88.58;13.90;168.45;24.67;1499.73;keepRight;27.03;477.00;gneE0_2;DEFAULT_VEHTYPE
-1;13.52;6.97;gneE0_1;458;67.57;15.41;149.26;0.78;247.40;keepRight;21.71;477.00;gneE0_0;DEFAULT_VEHTYPE
-1;24.10;20.40;gneE0_1;432;45.77;17.24;90.28;9.45;834.53;keepRight;21.82;479.00;gneE0_0;DEFAULT_VEHTYPE
-1;61.76;25.31;gneE0_2;444;48.73;2.62;314.56;15.47;642.45;keepRight;23.05;479.00;gneE0_1;DEFAULT_VEHTYPE
-1;26.18;14.68;gneE0_1;389;None;None;None;None;1974.83;keepRight;23.25;480.00;gneE0_0;DEFAULT_VEHTYPE
-1;31.42;23.82;gneE0_3;455;98.53;31.62;111.88;18.00;410.00;keepRight;25.92;480.00;gneE0_2;DEFAULT_VEHTYPE
-1;296.56;25.90;gneE0_2;422;107.49;19.45;142.73;17.24;1356.77;keepRight;25.43;481.00;gneE0_1;DEFAULT_VEHTYPE
-1;29.67;21.51;gneE0_2;453;78.53;25.67;113.53;24.99;564.40;keepRight;25.93;482.00;gneE0_1;DEFAULT_VEHTYPE
-1;81.33;31.35;gneE0_2;428;210.01;16.83;178.38;0.00;1193.30;keepRight;24.49;483.00;gneE0_1;DEFAULT_VEHTYPE
-1;257.98;32.00;gneE0_3;438;88.63;18.92;118.53;12.11;997.29;keepRight;25.01;484.00;gneE0_2;DEFAULT_VEHTYPE
-1;271.45;27.77;gneE0_3;425;35.29;13.37;489.61;25.11;1394.09;keepRight;26.52;485.00;gneE0_2;DEFAULT_VEHTYPE
-1;24.63;16.92;gneE0_1;467;73.71;7.21;144.47;0.00;256.23;keepRight;21.27;485.00;gneE0_0;DEFAULT_VEHTYPE
-1;126.21;0.00;gneE0_4;474;72.85;0.00;309.16;0.00;138.58;keepRight;18.25;486.00;gneE0_3;DEFAULT_VEHTYPE
-1;11.45;6.23;gneE0_2;478;155.95;0.00;90.57;0.00;78.49;keepRight;15.82;486.00;gneE0_1;DEFAULT_VEHTYPE
-1;30.56;23.87;gneE0_4;462;230.31;24.61;83.40;33.92;504.98;keepRight;26.36;488.00;gneE0_3;DEFAULT_VEHTYPE
-1;30.76;24.29;gneE0_3;448;221.62;30.83;111.60;18.10;949.81;keepRight;26.66;491.00;gneE0_2;DEFAULT_VEHTYPE
-1;80.67;34.99;gneE0_4;459;144.87;13.29;545.79;0.00;669.36;keepRight;24.84;491.00;gneE0_3;DEFAULT_VEHTYPE
-1;31.59;28.33;gneE0_3;464;103.31;32.38;31.47;23.46;547.22;keepRight;26.02;491.00;gneE0_2;DEFAULT_VEHTYPE
-1;108.47;29.81;gneE0_3;474;84.13;0.00;122.65;0.00;251.48;keepRight;19.20;492.00;gneE0_2;DEFAULT_VEHTYPE
-1;33.52;27.59;gneE0_3;470;151.50;31.30;67.49;30.01;406.69;keepRight;27.55;493.00;gneE0_2;DEFAULT_VEHTYPE
-1;74.19;14.79;gneE0_2;416;None;None;None;None;1964.36;keepRight;27.70;494.00;gneE0_1;DEFAULT_VEHTYPE
-1;28.70;22.57;gneE0_3;436;231.33;34.30;None;None;1415.42;keepRight;26.93;495.00;gneE0_2;DEFAULT_VEHTYPE
-1;53.84;0.00;gneE0_4;481;355.99;16.25;1168.76;0.00;171.67;keepRight;25.01;495.00;gneE0_3;DEFAULT_VEHTYPE
-1;131.68;45.08;gneE0_2;438;65.56;16.72;99.37;18.48;1330.30;keepRight;25.00;497.00;gneE0_1;DEFAULT_VEHTYPE
-1;45.23;23.09;gneE0_1;478;65.31;0.00;208.10;0.00;310.23;keepRight;20.77;497.00;gneE0_0;DEFAULT_VEHTYPE
-1;9.27;5.80;gneE0_2;423;109.74;41.14;143.74;42.93;1805.84;keepRight;28.85;498.00;gneE0_1;DEFAULT_VEHTYPE
-1;57.74;47.96;gneE0_2;474;180.81;0.00;134.92;0.00;363.13;keepRight;18.15;498.00;gneE0_1;DEFAULT_VEHTYPE
-1;346.07;17.78;gneE0_4;433;None;None;None;None;1719.43;keepRight;29.27;499.00;gneE0_3;DEFAULT_VEHTYPE
-1;126.01;13.40;gneE0_3;446;194.34;34.70;75.32;32.49;1315.39;keepRight;28.09;500.00;gneE0_2;DEFAULT_VEHTYPE
-1;25.32;5.90;gneE0_2;447;129.83;19.20;35.03;27.44;1195.97;keepRight;26.20;502.00;gneE0_1;DEFAULT_VEHTYPE
-1;33.61;27.59;gneE0_2;460;114.12;28.63;51.54;20.83;917.86;keepRight;25.33;502.00;gneE0_1;DEFAULT_VEHTYPE
-1;24.03;18.09;gneE0_2;480;42.78;19.05;267.53;0.00;367.13;keepRight;21.25;503.00;gneE0_1;DEFAULT_VEHTYPE
-1;37.03;19.15;gneE0_2;448;91.79;23.57;132.52;20.28;1288.61;keepRight;26.35;504.00;gneE0_1;DEFAULT_VEHTYPE
-1;50.11;30.96;gneE0_2;455;57.02;25.78;395.55;12.39;1025.59;keepRight;25.03;504.00;gneE0_1;DEFAULT_VEHTYPE
-1;22.58;18.90;gneE0_1;474;67.34;4.71;224.07;0.00;474.62;keepRight;18.87;504.00;gneE0_0;DEFAULT_VEHTYPE
-1;25.39;22.06;gneE0_1;484;99.67;34.58;45.11;32.11;308.35;keepRight;22.67;504.00;gneE0_0;DEFAULT_VEHTYPE
-1;300.13;26.25;gneE0_3;451;231.50;10.59;66.05;13.96;1245.44;keepRight;25.38;506.00;gneE0_2;DEFAULT_VEHTYPE
-1;71.60;30.77;gneE0_3;437;110.93;32.97;362.07;19.35;1586.70;keepRight;27.71;507.00;gneE0_2;DEFAULT_VEHTYPE
-1;77.96;43.44;gneE0_4;491;82.96;0.00;135.89;0.00;288.63;keepRight;21.22;509.00;gneE0_3;DEFAULT_VEHTYPE
-1;87.01;42.25;gneE0_3;485;33.02;15.50;77.63;17.72;457.95;keepRight;23.28;510.00;gneE0_2;DEFAULT_VEHTYPE
-1;None;None;gneE0_2;497;103.95;15.56;54.70;5.07;182.89;keepRight;23.06;510.00;gneE0_1;DEFAULT_VEHTYPE
-1;151.97;0.00;gneE0_1;438;156.57;31.04;80.05;18.76;1689.52;keepRight;25.45;511.00;gneE0_0;DEFAULT_VEHTYPE
-1;100.06;28.53;gneE0_3;459;195.33;27.54;172.97;10.35;1201.88;keepRight;25.83;512.00;gneE0_2;DEFAULT_VEHTYPE
-1;40.45;19.38;gneE0_3;481;289.45;15.97;407.21;11.75;613.46;keepRight;24.56;513.00;gneE0_2;DEFAULT_VEHTYPE
-1;408.66;0.00;gneE0_4;443;None;None;None;None;1971.06;keepRight;31.75;515.00;gneE0_3;DEFAULT_VEHTYPE
-1;74.40;23.76;gneE0_3;449;169.86;18.84;None;None;1611.65;keepRight;26.82;517.00;gneE0_2;DEFAULT_VEHTYPE
-1;23.19;17.16;gneE0_1;497;166.68;10.74;122.28;12.54;386.79;keepRight;22.90;519.00;gneE0_0;DEFAULT_VEHTYPE
-1;29.59;21.72;gneE0_3;462;63.47;30.87;268.04;11.63;1336.86;keepRight;26.48;520.00;gneE0_2;DEFAULT_VEHTYPE
-1;27.76;20.47;gneE0_3;491;112.77;2.12;219.43;0.00;590.55;keepRight;22.34;523.00;gneE0_2;DEFAULT_VEHTYPE
-1;72.11;3.07;gneE0_2;481;55.84;23.14;317.14;7.81;882.32;keepRight;24.89;524.00;gneE0_1;DEFAULT_VEHTYPE
-1;21.64;16.28;gneE0_2;470;197.57;44.78;118.13;34.66;1269.77;keepRight;27.20;525.00;gneE0_1;DEFAULT_VEHTYPE
-1;41.15;8.71;gneE0_2;483;43.80;23.36;392.11;0.00;977.95;keepRight;23.94;530.00;gneE0_1;DEFAULT_VEHTYPE
-1;None;None;gneE0_2;491;39.54;9.22;136.26;11.83;765.79;keepRight;21.69;531.00;gneE0_1;DEFAULT_VEHTYPE
-1;29.86;22.51;gneE0_4;494;274.21;0.00;314.04;0.00;818.14;keepRight;25.48;532.00;gneE0_3;DEFAULT_VEHTYPE
-1;34.05;31.16;gneE0_4;487;389.82;47.71;None;None;1260.07;keepRight;30.57;536.00;gneE0_3;DEFAULT_VEHTYPE
-1;None;None;gneE0_3;499;94.24;29.19;118.06;27.30;811.01;keepRight;25.24;538.00;gneE0_2;DEFAULT_VEHTYPE
-1;None;None;gneE0_4;496;100.96;24.15;None;None;852.66;keepRight;24.48;539.00;gneE0_3;DEFAULT_VEHTYPE
-1;16.34;6.71;gneE0_2;485;57.26;22.09;511.81;0.00;1204.06;keepRight;23.63;542.00;gneE0_1;DEFAULT_VEHTYPE
-1;48.07;18.84;gneE0_3;494;101.68;18.16;371.43;0.00;1271.88;keepRight;25.64;550.00;gneE0_2;DEFAULT_VEHTYPE
-1;14.46;10.90;gneE0_1;480;153.36;20.29;37.35;10.73;1391.10;keepRight;20.45;552.00;gneE0_0;DEFAULT_VEHTYPE
-1;105.12;0.00;gneE0_1;471;None;None;None;None;1992.74;keepRight;25.95;554.00;gneE0_0;DEFAULT_VEHTYPE
-1;346.55;4.08;gneE0_3;487;None;None;None;None;1968.31;keepRight;30.59;559.00;gneE0_2;DEFAULT_VEHTYPE
-1;87.28;7.74;gneE0_1;485;None;None;None;None;1965.19;keepRight;23.72;575.00;gneE0_0;DEFAULT_VEHTYPE
